{"cameraMode":{"drawMode":0,"name":"Shaded","section":"Shading Mode"},"sceneLighting":true,"audioPlay":false,"sceneViewState":{"m_AlwaysRefresh":false,"showFog":true,"showSkybox":true,"showFlares":true,"showImageEffects":true,"showParticleSystems":true,"showVisualEffectGraphs":true,"m_FxEnabled":true},"in2DMode":false,"pivot":{"x":0.08983111381530762,"y":-3.255337715148926,"z":-8.723445892333985},"rotation":{"x":-0.25521332025527956,"y":-0.041468799114227298,"z":0.01095143798738718,"w":-0.9659389853477478},"size":14.861247062683106,"orthographic":false}